keyword,link
Central Library,https://www.imperial.ac.uk/admin-services/library/use-the-library/our-libraries/central-library/
Contact Library Team,https://www.imperial.ac.uk/admin-services/library/
GoStudy Spaces,https://www.imperial.ac.uk/admin-services/library/use-the-library/our-libraries/gostudy/
Charing Cross Library,https://www.imperial.ac.uk/admin-services/library/use-the-library/our-libraries/charing-cross-campus-library/
Chelsea and Westminster Library,https://www.imperial.ac.uk/admin-services/library/use-the-library/our-libraries/chelsea-and-westminster-campus-library/
Hammersmith Library,https://www.imperial.ac.uk/admin-services/library/use-the-library/our-libraries/hammersmith-campus-library/
Royal Brompton Library,https://www.imperial.ac.uk/admin-services/library/use-the-library/our-libraries/royal-brompton-campus-library/
St Mary's Fleming Library,https://www.imperial.ac.uk/admin-services/library/use-the-library/our-libraries/st-marys-fleming-library/
Silwood Park Library,https://www.imperial.ac.uk/admin-services/library/use-the-library/our-libraries/silwood-park-campus-library/
White City Campus,https://www.imperial.ac.uk/admin-services/library/use-the-library/our-libraries/white-city-campus/